{"cameraMode":{"drawMode":0,"name":"Shaded","section":"Shading Mode"},"sceneLighting":false,"audioPlay":false,"sceneViewState":{"showFog":true,"showMaterialUpdate":false,"showSkybox":false,"showFlares":true,"showImageEffects":true,"showParticleSystems":true},"in2DMode":false,"pivot":{"x":2.7799999713897707,"y":1.630000114440918,"z":-3.049999952316284},"rotation":{"x":0.2574300169944763,"y":0.015943007543683053,"z":-0.004247970413416624,"w":0.9661557078361511},"size":0.2069111466407776,"orthographic":false}