{"cameraMode":{"drawMode":0,"name":"Shaded","section":"Shading Mode"},"sceneLighting":true,"audioPlay":false,"sceneViewState":{"showFog":true,"showMaterialUpdate":false,"showSkybox":false,"showFlares":true,"showImageEffects":true,"showParticleSystems":true},"in2DMode":false,"pivot":{"x":-0.09999990463256836,"y":0.9899997711181641,"z":-7.780000686645508},"rotation":{"x":0.4477585554122925,"y":0.19638174772262574,"z":-0.1014910414814949,"w":0.8664000630378723},"size":40.010372161865237,"orthographic":false}